architecture,max_rail_droop_V,max_rx_disturb_V,min_rail_voltage_V
shared_buck,0.12066632473330441,0.1206663247333043,1.6793336752666956
split_filtered,0.12066632473330441,0.0422332136566565,1.6793336752666956
rx_ldo,0.12066632473330441,0.003016658118332608,1.6793336752666956
rx_strong_ldo,0.12066632473330441,0.000429156881516611,1.6793336752666956
